EmployeeID ,Department  ,Age ,Salary ,YearsAtCompany ,Attrition
         1 ,Sales       , 23 , 58957 ,             3 ,No
         2 ,Engineering , 28 , 63376 ,             8 ,Yes
         3 ,Marketing   , 24 , 42720 ,             3 ,Yes
         4 ,Finance     , 60 , 61620 ,            18 ,Yes
         5 ,Finance     , 48 , 64800 ,            15 ,No
         6 ,Sales       , 32 , 68848 ,            12 ,No
         7 ,Engineering , 35 , 81800 ,            11 ,Yes
         8 ,Marketing   , 28 , 54276 ,             8 ,No
         9 ,Sales       , 51 , 83499 ,             4 ,No
        10 ,Marketing   , 27 , 58755 ,             7 ,No
        11 ,Finance     , 45 , 79095 ,             7 ,No
        12 ,Sales       , 36 , 76476 ,            10 ,No
        13 ,Engineering , 28 , 54892 ,             8 ,No
        14 ,HR          , 32 , 58128 ,            12 ,Yes
        15 ,HR          , 26 , 59198 ,             6 ,No
        16 ,Engineering , 32 , 61136 ,            12 ,No
        17 ,Finance     , 36 , 73236 ,            11 ,No
        18 ,Sales       , 36 , 78276 ,             2 ,No
        19 ,Marketing   , 39 , 52113 ,             7 ,No
        20 ,Finance     , 42 , 60114 ,            16 ,No
        21 ,Marketing   , 31 , 53901 ,             5 ,No
        22 ,Finance     , 56 , 73064 ,            19 ,No
        23 ,Finance     , 47 , 70890 ,             8 ,No
        24 ,Engineering , 54 , 84270 ,             3 ,No
        25 ,Sales       , 31 , 65402 ,             6 ,No
        26 ,Marketing   , 60 , 63900 ,            13 ,No
        27 ,Marketing   , 55 , 71635 ,            18 ,No
        28 ,Sales       , 29 , 64742 ,             9 ,No
        29 ,HR          , 29 , 53200 ,             9 ,Yes
        30 ,Sales       , 38 , 86810 ,            17 ,No
        31 ,Finance     , 28 , 68948 ,             8 ,No
        32 ,Finance     , 60 , 72180 ,             5 ,No
        33 ,Engineering , 56 ,112656 ,            17 ,No
        34 ,Finance     , 42 , 72000 ,             1 ,Yes
        35 ,HR          , 41 , 60545 ,             2 ,No
        36 ,Finance     , 27 , 45849 ,             7 ,No
        37 ,Finance     , 30 , 48930 ,            10 ,No
        38 ,Engineering , 38 , 69520 ,            18 ,No
        39 ,Engineering , 56 ,101288 ,             7 ,No
        40 ,Marketing   , 45 , 72660 ,            17 ,No
        41 ,Engineering , 36 , 50340 ,            11 ,Yes
        42 ,Finance     , 36 , 69672 ,             8 ,Yes
        43 ,Sales       , 36 , 50484 ,             2 ,No
        44 ,Sales       , 54 , 70122 ,             9 ,No
        45 ,Engineering , 56 , 65560 ,            19 ,No
        46 ,Engineering , 52 , 98952 ,            14 ,Yes
        47 ,Sales       , 49 , 72238 ,            14 ,No
        48 ,Sales       , 28 , 45736 ,             8 ,No
        49 ,Sales       , 37 , 55752 ,             7 ,No
        50 ,Engineering , 49 , 63663 ,             9 ,No
        51 ,Sales       , 50 , 96350 ,            18 ,Yes
        52 ,Finance     , 22 , 62824 ,             2 ,No
        53 ,Engineering , 32 , 59312 ,            12 ,No
        54 ,Marketing   , 25 , 46700 ,             5 ,Yes
        55 ,Marketing   , 38 , 85024 ,            15 ,No
        56 ,Finance     , 53 , 64874 ,             7 ,No
        57 ,Sales       , 59 ,103927 ,            18 ,Yes
        58 ,HR          , 25 , 43775 ,             5 ,No
        59 ,Finance     , 32 , 47856 ,            12 ,Yes
        60 ,Engineering , 26 , 58834 ,             3 ,No
        61 ,Engineering , 47 , 59234 ,            19 ,Yes
        62 ,Finance     , 24 , 57216 ,             3 ,No
        63 ,Finance     , 58 , 90030 ,            11 ,No
        64 ,Engineering , 42 , 61248 ,             9 ,No
        65 ,HR          , 51 , 71973 ,             3 ,Yes
        66 ,Finance     , 58 , 64916 ,             3 ,No
        67 ,Finance     , 38 , 54130 ,            12 ,No
        68 ,Engineering , 45 , 65595 ,             6 ,No
        69 ,Finance     , 41 , 76166 ,            17 ,Yes
        70 ,Finance     , 41 , 89614 ,             4 ,No
        71 ,Engineering , 38 , 53484 ,             4 ,No
        72 ,Engineering , 39 , 60732 ,            19 ,Yes
        73 ,HR          , 35 , 72105 ,             9 ,No
        74 ,HR          , 25 , 44850 ,             5 ,No
        75 ,Sales       , 22 , 48502 ,             2 ,No
        76 ,HR          , 32 , 70288 ,            12 ,No
        77 ,Marketing   , 57 , 59013 ,             4 ,Yes
        78 ,Engineering , 56 , 60016 ,            12 ,No
        79 ,Engineering , 49 , 60870 ,             2 ,No
        80 ,Sales       , 44 , 61460 ,             8 ,No
        81 ,HR          , 57 ,110085 ,            14 ,No
        82 ,Engineering , 37 , 81245 ,             6 ,No
        83 ,Engineering , 48 , 55200 ,             6 ,No
        84 ,HR          , 48 , 93408 ,             8 ,No
        85 ,Sales       , 46 , 94078 ,             2 ,No
        86 ,Engineering , 34 , 75424 ,            14 ,No
        87 ,Engineering , 36 , 48864 ,             7 ,Yes
        88 ,HR          , 26 , 68740 ,             6 ,No
        89 ,Finance     , 47 , 86165 ,            18 ,No
        90 ,Sales       , 29 , 70542 ,             9 ,Yes
        91 ,HR          , 24 , 44664 ,             4 ,No
        92 ,HR          , 49 , 84880 ,            17 ,Yes
        93 ,Finance     , 34 , 55840 ,             2 ,No
        94 ,Sales       , 55 ,109585 ,            18 ,No
        95 ,Engineering , 45 , 72345 ,             3 ,No
        96 ,HR          , 42 , 79518 ,             4 ,No
        97 ,HR          , 54 , 74064 ,            14 ,No
        98 ,HR          , 57 , 65910 ,             7 ,No
        99 ,Marketing   , 33 , 67290 ,            13 ,No
       100 ,Finance     , 22 , 47842 ,             2 ,Yes
       101 ,Finance     , 60 ,100200 ,            11 ,No
       102 ,Marketing   , 35 , 65805 ,            15 ,No
       103 ,Engineering , 27 , 51330 ,             7 ,No
       104 ,Finance     , 43 , 55585 ,             8 ,No
       105 ,Engineering , 34 , 52100 ,             1 ,Yes
       106 ,Marketing   , 26 , 55116 ,             6 ,No
       107 ,Finance     , 34 , 71990 ,            13 ,No
       108 ,Engineering , 31 , 66301 ,             1 ,No
       109 ,Sales       , 49 , 65476 ,             6 ,No
       110 ,Finance     , 51 , 58101 ,            18 ,Yes
       111 ,Sales       , 51 , 62436 ,            15 ,No
       112 ,Finance     , 60 , 79440 ,            15 ,No
       113 ,Finance     , 49 , 96150 ,            18 ,No
       114 ,Engineering , 52 , 79920 ,             9 ,No
       115 ,HR          , 55 , 84780 ,             8 ,No
       116 ,Sales       , 40 , 59600 ,             9 ,No
       117 ,Finance     , 27 , 47307 ,             5 ,Yes
       118 ,Engineering , 35 , 49775 ,            14 ,Yes
       119 ,Finance     , 51 , 77175 ,             2 ,No
       120 ,Marketing   , 46 , 95596 ,            19 ,No
       121 ,Sales       , 58 , 81562 ,            16 ,Yes
       122 ,HR          , 41 , 82111 ,            13 ,No
       123 ,Marketing   , 56 ,100840 ,            18 ,No
       124 ,Engineering , 53 , 68372 ,             9 ,No
       125 ,Sales       , 46 , 68824 ,            13 ,No
       126 ,Marketing   , 30 , 64110 ,            10 ,Yes
       127 ,Marketing   , 59 , 93543 ,             1 ,Yes
       128 ,Marketing   , 30 , 71610 ,            10 ,Yes
       129 ,HR          , 46 , 68410 ,             7 ,No
       130 ,HR          , 46 , 66064 ,            14 ,No
       131 ,Sales       , 52 , 56988 ,            18 ,Yes
       132 ,HR          , 36 , 71940 ,             3 ,No
       133 ,Sales       , 23 , 63856 ,             3 ,No
       134 ,Sales       , 31 , 53064 ,             5 ,No
       135 ,Sales       , 58 ,115260 ,             7 ,No
       136 ,HR          , 45 , 60195 ,            20 ,No
       137 ,Sales       , 32 , 77584 ,            10 ,Yes
       138 ,Sales       , 41 , 74649 ,            13 ,No
       139 ,Engineering , 26 , 58756 ,             6 ,Yes
       140 ,HR          , 60 ,109440 ,             4 ,No
       141 ,Finance     , 24 , 50520 ,             4 ,No
       142 ,HR          , 26 , 56468 ,             6 ,Yes
       143 ,Marketing   , 53 , 62224 ,            14 ,No
       144 ,Marketing   , 31 , 59295 ,             6 ,No
       145 ,HR          , 56 ,102408 ,            16 ,No
       146 ,Finance     , 39 , 62370 ,             8 ,No
       147 ,Sales       , 39 , 84678 ,            15 ,Yes
       148 ,Marketing   , 58 , 95192 ,            13 ,No
       149 ,Marketing   , 42 , 58812 ,            16 ,Yes
       150 ,HR          , 43 , 63798 ,            20 ,No
       151 ,HR          , 57 , 59070 ,            17 ,No
       152 ,Sales       , 37 , 75769 ,            14 ,No
       153 ,Engineering , 52 , 90372 ,            16 ,No
       154 ,Sales       , 27 , 51627 ,             7 ,No
       155 ,Engineering , 41 , 78339 ,            19 ,No
       156 ,Finance     , 55 , 76860 ,            14 ,No
       157 ,Finance     , 43 , 66980 ,            15 ,No
       158 ,HR          , 36 , 52428 ,             7 ,No
       159 ,Finance     , 33 , 52968 ,             7 ,No
       160 ,HR          , 59 ,118500 ,            17 ,No
       161 ,Sales       , 34 , 57302 ,             8 ,No
       162 ,HR          , 22 , 56950 ,             2 ,Yes
       163 ,Sales       , 25 , 56650 ,             5 ,No
       164 ,Engineering , 53 , 62065 ,             1 ,No
       165 ,Marketing   , 52 , 79452 ,            11 ,Yes
       166 ,Sales       , 38 , 85594 ,            16 ,Yes
       167 ,Sales       , 47 , 77141 ,             3 ,No
       168 ,Sales       , 31 , 50212 ,            11 ,No
       169 ,Sales       , 37 , 52977 ,            17 ,No
       170 ,Finance     , 60 ,108540 ,            20 ,Yes
       171 ,Finance     , 46 , 74206 ,            15 ,No
       172 ,Finance     , 49 , 69788 ,            19 ,No
       173 ,Finance     , 28 , 71160 ,             7 ,No
       174 ,HR          , 27 , 47820 ,             7 ,Yes
       175 ,Sales       , 32 , 46064 ,            12 ,No
       176 ,Finance     , 52 , 71496 ,             2 ,No
       177 ,HR          , 51 , 59172 ,             8 ,No
       178 ,Finance     , 34 , 61790 ,             4 ,No
       179 ,Engineering , 39 , 82494 ,             5 ,Yes
       180 ,Engineering , 41 , 75469 ,            19 ,No
       181 ,Marketing   , 29 , 58391 ,             9 ,No
       182 ,HR          , 54 , 86808 ,            16 ,No
       183 ,Finance     , 24 , 63840 ,             4 ,No
       184 ,Finance     , 38 , 49988 ,             3 ,Yes
       185 ,Finance     , 59 ,116907 ,             1 ,No
       186 ,HR          , 58 , 61378 ,             6 ,No
       187 ,Marketing   , 39 , 56715 ,            19 ,No
       188 ,Marketing   , 27 , 56487 ,             7 ,No
       189 ,HR          , 28 , 68584 ,             6 ,No
       190 ,Marketing   , 40 , 77120 ,            13 ,No
       191 ,Finance     , 24 , 53160 ,             3 ,No
       192 ,HR          , 29 , 73297 ,             9 ,No
       193 ,Sales       , 56 , 84488 ,            14 ,Yes
       194 ,Finance     , 45 , 81165 ,            16 ,No
       195 ,Sales       , 35 , 57055 ,            15 ,Yes
       196 ,HR          , 50 ,100050 ,            16 ,Yes
       197 ,Finance     , 37 , 75362 ,             6 ,No
       198 ,Sales       , 57 , 82269 ,             3 ,No
       199 ,Sales       , 51 ,104919 ,             4 ,No
       200 ,Engineering , 53 ,107115 ,            10 ,No
       201 ,HR          , 48 , 94992 ,            16 ,No
       202 ,Engineering , 51 , 84264 ,             5 ,No
       203 ,Finance     , 54 , 98256 ,             5 ,No
       204 ,HR          , 48 , 70704 ,            17 ,No
       205 ,Sales       , 40 , 79720 ,            10 ,No
       206 ,Finance     , 53 ,103458 ,             5 ,No
       207 ,Marketing   , 44 , 66960 ,            18 ,No
       208 ,Marketing   , 51 ,104205 ,            11 ,No
       209 ,Engineering , 58 , 81736 ,             8 ,No
       210 ,Marketing   , 24 , 49800 ,             4 ,No
       211 ,Marketing   , 46 , 84234 ,             5 ,No
       212 ,Sales       , 30 , 60420 ,            10 ,No
       213 ,Sales       , 50 , 60100 ,            17 ,No
       214 ,Sales       , 31 , 58489 ,             5 ,Yes
       215 ,HR          , 43 , 78934 ,            13 ,No
       216 ,HR          , 56 , 79784 ,            11 ,No
       217 ,Marketing   , 56 , 60016 ,            20 ,Yes
       218 ,HR          , 36 , 75504 ,             3 ,No
       219 ,Sales       , 28 , 56712 ,             6 ,No
       220 ,Sales       , 24 , 49968 ,             2 ,Yes
       221 ,HR          , 49 , 61801 ,             8 ,No
       222 ,Finance     , 33 , 52242 ,             6 ,Yes
       223 ,Marketing   , 37 , 67333 ,            17 ,Yes
       224 ,Marketing   , 38 , 66860 ,             9 ,No
       225 ,Marketing   , 40 , 77720 ,            18 ,Yes
       226 ,Marketing   , 44 , 78444 ,            10 ,No
       227 ,Marketing   , 38 , 66746 ,            10 ,Yes
       228 ,Marketing   , 52 , 61668 ,             8 ,No
       229 ,HR          , 58 , 76516 ,            10 ,Yes
       230 ,Marketing   , 39 , 49812 ,            19 ,No
       231 ,Sales       , 60 ,105780 ,            16 ,No
       232 ,HR          , 36 , 70356 ,            12 ,Yes
       233 ,Engineering , 38 , 75372 ,             5 ,No
       234 ,Sales       , 41 , 83587 ,            15 ,Yes
       235 ,HR          , 30 , 47760 ,            10 ,Yes
       236 ,Marketing   , 33 , 53265 ,             5 ,No
       237 ,HR          , 55 , 85715 ,             9 ,No
       238 ,HR          , 52 ,107480 ,            10 ,No
       239 ,HR          , 29 , 58391 ,             3 ,Yes
       240 ,Engineering , 47 ,100030 ,            18 ,No
       241 ,Marketing   , 22 , 46940 ,             2 ,Yes
       242 ,HR          , 38 , 71724 ,            13 ,No
       243 ,HR          , 28 , 63348 ,             8 ,No
       244 ,Finance     , 57 , 77595 ,            20 ,Yes
       245 ,Sales       , 51 ,102981 ,            10 ,No
       246 ,Sales       , 30 , 46380 ,             2 ,Yes
       247 ,Marketing   , 29 , 47371 ,             8 ,No
       248 ,Engineering , 46 , 74344 ,            12 ,No
       249 ,Finance     , 48 , 82848 ,             5 ,No
       250 ,Sales       , 53 , 89890 ,            14 ,No
       251 ,HR          , 24 , 58944 ,             4 ,No
       252 ,Marketing   , 37 , 80875 ,            12 ,Yes
       253 ,HR          , 56 ,109688 ,            12 ,Yes
       254 ,HR          , 34 , 80694 ,             4 ,No
       255 ,Marketing   , 27 , 61806 ,             7 ,No
       256 ,Finance     , 23 , 42673 ,             3 ,Yes
       257 ,Engineering , 58 , 71180 ,             3 ,No
       258 ,Finance     , 35 , 68500 ,             7 ,No
       259 ,Engineering , 43 , 85556 ,             5 ,No
       260 ,Finance     , 22 , 47226 ,             2 ,No
       261 ,Finance     , 38 , 80046 ,             6 ,Yes
       262 ,Sales       , 30 , 45450 ,            10 ,No
       263 ,Engineering , 59 , 79029 ,             1 ,No
       264 ,Sales       , 30 , 67770 ,            10 ,No
       265 ,Sales       , 52 , 79868 ,            12 ,No
       266 ,Sales       , 50 , 80750 ,             8 ,No
       267 ,Sales       , 55 , 74440 ,            15 ,No
       268 ,Sales       , 25 , 54750 ,             5 ,No
       269 ,Sales       , 53 , 95137 ,            15 ,Yes
       270 ,Sales       , 42 , 77124 ,             5 ,Yes
       271 ,HR          , 59 , 92599 ,            11 ,No
       272 ,Finance     , 55 , 74055 ,            15 ,No
       273 ,Marketing   , 28 , 66736 ,             4 ,No
       274 ,Finance     , 35 , 62900 ,            15 ,No
       275 ,Marketing   , 43 , 87921 ,            15 ,No
       276 ,Sales       , 42 , 69354 ,            11 ,No
       277 ,HR          , 31 , 67293 ,            11 ,Yes
       278 ,Sales       , 27 , 55434 ,             4 ,No
       279 ,HR          , 30 , 62070 ,             2 ,No
       280 ,Finance     , 57 , 77709 ,             4 ,No
       281 ,Marketing   , 25 , 67275 ,             5 ,No
       282 ,HR          , 28 , 60548 ,             8 ,Yes
       283 ,Marketing   , 36 , 79212 ,             4 ,No
       284 ,Finance     , 45 , 57765 ,             9 ,No
       285 ,Marketing   , 57 ,115329 ,            20 ,No
       286 ,Finance     , 23 , 55829 ,             3 ,Yes
       287 ,HR          , 41 , 89163 ,            11 ,No
       288 ,Engineering , 31 , 63449 ,            11 ,Yes
       289 ,Sales       , 27 , 64128 ,             7 ,Yes
       290 ,Marketing   , 51 , 73299 ,             6 ,No
       291 ,HR          , 58 , 94380 ,             3 ,No
       292 ,Engineering , 32 , 70704 ,            12 ,Yes
       293 ,Sales       , 39 , 67167 ,            14 ,No
       294 ,Marketing   , 48 , 67392 ,             7 ,No
       295 ,Sales       , 44 , 71360 ,             4 ,No
       296 ,Finance     , 53 , 85067 ,            10 ,Yes
       297 ,Marketing   , 60 , 63360 ,             1 ,No
       298 ,Engineering , 30 , 68460 ,             9 ,No
       299 ,Sales       , 22 , 52198 ,             2 ,No
       300 ,Marketing   , 56 , 98320 ,             8 ,No
       301 ,HR          , 26 , 53556 ,             2 ,No
       302 ,Marketing   , 26 , 65932 ,             6 ,No
       303 ,Finance     , 47 , 87622 ,            14 ,No
       304 ,Marketing   , 23 , 64247 ,             3 ,No
       305 ,Finance     , 51 , 98901 ,            12 ,Yes
       306 ,Sales       , 37 , 65002 ,            17 ,No
       307 ,Sales       , 47 , 95377 ,            10 ,No
       308 ,Engineering , 43 , 85771 ,             6 ,Yes
       309 ,Sales       , 55 , 86210 ,             7 ,No
       310 ,HR          , 44 , 84736 ,             5 ,No
       311 ,Engineering , 38 , 56676 ,             6 ,No
       312 ,Sales       , 33 , 78642 ,            13 ,No
       313 ,Finance     , 59 , 86581 ,            19 ,No
       314 ,Finance     , 42 , 88128 ,            11 ,Yes
       315 ,Sales       , 52 , 79504 ,            10 ,No
       316 ,Finance     , 25 , 51500 ,             5 ,Yes
       317 ,Marketing   , 50 , 56900 ,             2 ,No
       318 ,HR          , 26 , 60160 ,             3 ,No
       319 ,Finance     , 46 , 74758 ,            19 ,No
       320 ,Sales       , 50 ,101500 ,            19 ,No
       321 ,HR          , 60 , 89220 ,            17 ,Yes
       322 ,Sales       , 50 , 60250 ,            11 ,No
       323 ,Sales       , 54 , 92694 ,             6 ,Yes
       324 ,Marketing   , 50 , 81800 ,            17 ,No
       325 ,HR          , 45 , 94755 ,            10 ,No
       326 ,HR          , 60 , 63180 ,            11 ,Yes
       327 ,Sales       , 57 , 98058 ,            13 ,No
       328 ,Finance     , 31 , 56071 ,             3 ,No
       329 ,Engineering , 44 , 65948 ,            13 ,Yes
       330 ,Sales       , 41 , 73952 ,            13 ,No
       331 ,HR          , 30 , 65580 ,            10 ,Yes
       332 ,Marketing   , 54 , 76980 ,             1 ,No
       333 ,Engineering , 35 , 59715 ,            15 ,Yes
       334 ,Engineering , 31 , 47949 ,            10 ,No
       335 ,Sales       , 54 , 99606 ,            18 ,No
       336 ,Finance     , 24 , 58248 ,             4 ,No
       337 ,Finance     , 30 , 63330 ,            10 ,Yes
       338 ,Engineering , 32 , 69616 ,            12 ,Yes
       339 ,HR          , 37 , 85204 ,            15 ,No
       340 ,Marketing   , 36 , 67656 ,             8 ,No
       341 ,Marketing   , 34 , 59784 ,            14 ,No
       342 ,Marketing   , 40 , 81840 ,            13 ,No
       343 ,Marketing   , 32 , 72752 ,             7 ,No
       344 ,Engineering , 38 , 51014 ,            16 ,No
       345 ,Finance     , 28 , 64384 ,             8 ,No
       346 ,HR          , 27 , 64587 ,             6 ,No
       347 ,Finance     , 31 , 71850 ,            11 ,Yes
       348 ,Engineering , 50 ,100250 ,            12 ,No
       349 ,Marketing   , 25 , 52625 ,             5 ,No
       350 ,Marketing   , 27 , 53841 ,             7 ,Yes
       351 ,Sales       , 43 , 86330 ,             5 ,Yes
       352 ,HR          , 52 , 93024 ,             5 ,No
       353 ,Marketing   , 50 , 86500 ,             1 ,No
       354 ,Sales       , 38 , 57360 ,             5 ,No
       355 ,Finance     , 55 , 81315 ,             4 ,No
       356 ,Engineering , 41 , 55584 ,             2 ,No
       357 ,Finance     , 51 , 58764 ,             4 ,No
       358 ,Marketing   , 60 , 92880 ,             1 ,No
       359 ,Finance     , 37 , 75695 ,             5 ,No
       360 ,Sales       , 44 , 62824 ,            19 ,No
       361 ,Sales       , 55 ,112390 ,            12 ,Yes
       362 ,Finance     , 56 , 87064 ,            17 ,No
       363 ,Marketing   , 52 , 58288 ,            13 ,No
       364 ,HR          , 23 , 49895 ,             3 ,Yes
       365 ,Sales       , 59 ,103868 ,            11 ,Yes
       366 ,HR          , 56 , 77376 ,             6 ,No
       367 ,Marketing   , 52 , 89592 ,             6 ,No
       368 ,Sales       , 51 , 57387 ,            10 ,Yes
       369 ,Engineering , 24 , 49752 ,             4 ,No
       370 ,Finance     , 52 , 69468 ,             2 ,No
       371 ,Engineering , 40 , 64600 ,             2 ,No
       372 ,HR          , 39 , 54453 ,            12 ,No
       373 ,Marketing   , 50 ,100800 ,            13 ,No
       374 ,Engineering , 53 , 94024 ,            16 ,No
       375 ,Finance     , 39 , 81480 ,             3 ,No
       376 ,Sales       , 49 , 84684 ,             6 ,No
       377 ,HR          , 28 , 46268 ,             8 ,No
       378 ,HR          , 50 , 85850 ,            14 ,Yes
       379 ,Marketing   , 44 , 72108 ,             2 ,No
       380 ,HR          , 49 , 68269 ,             2 ,Yes
       381 ,Marketing   , 45 , 76125 ,             6 ,No
       382 ,Engineering , 60 ,101640 ,            15 ,Yes
       383 ,Sales       , 37 , 77989 ,            12 ,No
       384 ,Finance     , 24 , 56856 ,             4 ,No
       385 ,HR          , 45 , 72930 ,             3 ,No
       386 ,Finance     , 45 , 70815 ,            11 ,No
       387 ,Engineering , 29 , 45254 ,             6 ,No
       388 ,Marketing   , 57 , 65340 ,             9 ,No
       389 ,Marketing   , 35 , 69410 ,            10 ,No
       390 ,Marketing   , 34 , 51250 ,             5 ,No
       391 ,Marketing   , 33 , 76860 ,            13 ,No
       392 ,HR          , 44 , 83944 ,             3 ,No
       393 ,HR          , 41 , 86211 ,             6 ,No
       394 ,Engineering , 45 , 75900 ,             8 ,Yes
       395 ,Engineering , 30 , 52260 ,            10 ,Yes
       396 ,Finance     , 58 , 80866 ,            15 ,No
       397 ,Finance     , 30 , 63780 ,             3 ,Yes
       398 ,Marketing   , 52 , 83976 ,            14 ,No
       399 ,Finance     , 26 , 46328 ,             6 ,No
       400 ,Marketing   , 51 , 90996 ,            17 ,No
       401 ,Finance     , 59 , 70474 ,             5 ,No
       402 ,Sales       , 29 , 59870 ,             5 ,No
       403 ,Engineering , 42 , 91194 ,             8 ,No
       404 ,Finance     , 40 , 84640 ,             3 ,No
       405 ,Finance     , 39 , 54492 ,            10 ,No
       406 ,Sales       , 54 , 92424 ,             6 ,No
       407 ,Finance     , 31 , 50925 ,            11 ,No
       408 ,Finance     , 43 , 88566 ,            19 ,Yes
       409 ,Sales       , 27 , 44742 ,             7 ,Yes
       410 ,Engineering , 58 , 83708 ,            20 ,No
       411 ,Marketing   , 56 , 74576 ,            10 ,No
       412 ,Marketing   , 41 , 69524 ,             3 ,No
       413 ,Engineering , 50 , 76250 ,            16 ,No
       414 ,HR          , 60 , 68820 ,            11 ,No
       415 ,HR          , 44 , 95912 ,            13 ,Yes
       416 ,HR          , 54 , 88050 ,             4 ,No
       417 ,Marketing   , 29 , 52417 ,             9 ,Yes
       418 ,Sales       , 25 , 49925 ,             5 ,No
       419 ,Marketing   , 37 , 84945 ,             6 ,No
       420 ,Finance     , 42 , 59148 ,             6 ,No
       421 ,Finance     , 51 , 81510 ,            10 ,No
       422 ,Sales       , 47 , 77799 ,            15 ,No
       423 ,Engineering , 59 , 80799 ,             2 ,Yes
       424 ,Marketing   , 60 ,114180 ,            16 ,No
       425 ,Sales       , 28 , 56348 ,             5 ,No
       426 ,HR          , 47 , 71078 ,             2 ,No
       427 ,Finance     , 57 , 69843 ,            12 ,No
       428 ,Sales       , 46 , 76736 ,            15 ,No
       429 ,HR          , 29 , 48299 ,             4 ,No
       430 ,HR          , 57 ,113277 ,            12 ,No
       431 ,Engineering , 60 , 91260 ,            13 ,No
       432 ,Sales       , 24 , 45360 ,             4 ,No
       433 ,Finance     , 51 , 63252 ,            20 ,No
       434 ,Engineering , 42 , 91026 ,            20 ,No
       435 ,Marketing   , 41 , 75387 ,            11 ,No
       436 ,Finance     , 56 , 86056 ,            19 ,No
       437 ,Sales       , 45 , 67755 ,             4 ,No
       438 ,Finance     , 41 , 83915 ,             1 ,No
       439 ,HR          , 59 , 94369 ,             8 ,No
       440 ,Finance     , 52 , 65048 ,            17 ,No
       441 ,Finance     , 46 , 59946 ,             8 ,Yes
       442 ,Sales       , 34 , 47646 ,            14 ,Yes
       443 ,Engineering , 48 , 87936 ,             7 ,No
       444 ,Finance     , 52 ,102436 ,             2 ,No
       445 ,Finance     , 35 , 67590 ,            11 ,No
       446 ,Marketing   , 55 , 78675 ,            11 ,No
       447 ,Marketing   , 56 , 77600 ,            18 ,No
       448 ,HR          , 52 , 66192 ,             8 ,No
       449 ,HR          , 36 , 82704 ,            10 ,No
       450 ,Engineering , 53 , 73672 ,            16 ,No
       451 ,HR          , 40 , 54960 ,            19 ,No
       452 ,Marketing   , 47 , 92886 ,            12 ,No
       453 ,Engineering , 40 , 51720 ,            10 ,No
       454 ,Sales       , 44 , 93624 ,            15 ,No
       455 ,Marketing   , 35 , 54710 ,            15 ,No
       456 ,Finance     , 39 , 54960 ,             4 ,No
       457 ,Finance     , 37 , 57676 ,             2 ,No
       458 ,Finance     , 36 , 71508 ,             8 ,Yes
       459 ,Marketing   , 43 , 83062 ,            16 ,Yes
       460 ,Engineering , 22 , 62714 ,             2 ,No
       461 ,Engineering , 48 , 86064 ,            16 ,No
       462 ,Engineering , 40 , 63120 ,            10 ,No
       463 ,Sales       , 58 , 72746 ,            18 ,No
       464 ,Sales       , 33 , 60591 ,             6 ,No
       465 ,Sales       , 47 , 91382 ,            16 ,Yes
       466 ,HR          , 24 , 42216 ,             4 ,No
       467 ,Sales       , 43 , 64013 ,            15 ,No
       468 ,Finance     , 55 , 85275 ,             5 ,No
       469 ,Marketing   , 39 , 57183 ,             4 ,No
       470 ,Marketing   , 38 , 76930 ,             6 ,Yes
       471 ,HR          , 40 , 73240 ,             7 ,Yes
       472 ,Marketing   , 49 , 80323 ,            11 ,Yes
       473 ,Sales       , 33 , 51219 ,            13 ,No
       474 ,Engineering , 22 , 46874 ,             2 ,Yes
       475 ,HR          , 43 , 64787 ,            19 ,No
       476 ,Sales       , 38 , 74422 ,            12 ,No
       477 ,Sales       , 29 , 58304 ,             9 ,Yes
       478 ,Finance     , 41 , 79446 ,             4 ,No
       479 ,HR          , 45 , 80805 ,             8 ,Yes
       480 ,Engineering , 52 , 64112 ,            15 ,No
       481 ,Finance     , 45 , 71625 ,            18 ,No
       482 ,Finance     , 35 , 74800 ,             8 ,No
       483 ,Finance     , 27 , 58026 ,             7 ,No
       484 ,HR          , 26 , 67414 ,             6 ,Yes
       485 ,Finance     , 54 , 68178 ,            19 ,No
       486 ,Engineering , 42 , 87708 ,            17 ,No
       487 ,Engineering , 59 , 89000 ,             3 ,No
       488 ,Marketing   , 25 , 54100 ,             5 ,No
       489 ,Marketing   , 58 , 62422 ,            18 ,No
       490 ,HR          , 23 , 50815 ,             3 ,No
       491 ,Engineering , 59 , 63866 ,             2 ,No
       492 ,Sales       , 56 , 61416 ,             3 ,No
       493 ,Marketing   , 24 , 49032 ,             4 ,Yes
       494 ,Engineering , 48 , 72384 ,            13 ,No
       495 ,Marketing   , 46 , 56772 ,            18 ,Yes
       496 ,HR          , 29 , 49778 ,             9 ,Yes
       497 ,Engineering , 36 , 78744 ,             1 ,No
       498 ,HR          , 51 , 90639 ,            18 ,No
       499 ,Marketing   , 36 , 57108 ,            15 ,No
       500 ,HR          , 34 , 79606 ,             4 ,Yes
       501 ,Marketing   , 23 , 47158 ,             3 ,Yes
       502 ,Finance     , 24 , 52968 ,             4 ,No
       503 ,Sales       , 37 , 76546 ,             2 ,No
       504 ,Engineering , 56 , 70432 ,             2 ,Yes
       505 ,HR          , 36 , 78060 ,            16 ,No
       506 ,Finance     , 42 , 61164 ,            10 ,No
       507 ,Finance     , 36 , 63228 ,            10 ,No
       508 ,Finance     , 59 ,112600 ,             6 ,No
       509 ,Marketing   , 57 , 87399 ,             2 ,No
       510 ,Marketing   , 55 , 75430 ,            14 ,No
       511 ,HR          , 46 , 61648 ,            18 ,No
       512 ,Engineering , 41 , 86498 ,             5 ,No
       513 ,Sales       , 57 , 82554 ,            14 ,No
       514 ,Engineering , 46 , 64408 ,             9 ,Yes
       515 ,Sales       , 50 , 98350 ,            12 ,Yes
       516 ,Engineering , 25 , 49350 ,             5 ,No
       517 ,Finance     , 24 , 63456 ,             3 ,No
       518 ,Finance     , 57 , 71154 ,            16 ,Yes
       519 ,HR          , 41 , 90639 ,             1 ,No
       520 ,Engineering , 29 , 66656 ,             9 ,No
       521 ,Finance     , 35 , 61710 ,             8 ,No
       522 ,HR          , 46 , 74942 ,            18 ,No
       523 ,HR          , 38 , 62984 ,            17 ,No
       524 ,Marketing   , 28 , 67016 ,             8 ,No
       525 ,HR          , 35 , 60765 ,            11 ,No
       526 ,Finance     , 36 , 75324 ,             5 ,Yes
       527 ,Finance     , 59 , 94487 ,            14 ,No
       528 ,Engineering , 43 , 61605 ,            13 ,No
       529 ,Engineering , 53 , 86339 ,            11 ,No
       530 ,Marketing   , 53 , 81463 ,             6 ,No
       531 ,HR          , 32 , 50576 ,            12 ,No
       532 ,Finance     , 25 , 55900 ,             2 ,No
       533 ,Sales       , 25 , 62050 ,             1 ,No
       534 ,Engineering , 26 , 61824 ,             5 ,Yes
       535 ,Finance     , 51 , 74982 ,             2 ,No
       536 ,Finance     , 52 , 91100 ,            16 ,Yes
       537 ,Finance     , 57 , 82497 ,             1 ,Yes
       538 ,HR          , 56 ,114000 ,            10 ,Yes
       539 ,Marketing   , 33 , 50097 ,             4 ,No
       540 ,Engineering , 34 , 68556 ,            14 ,No
       541 ,HR          , 39 , 81246 ,            13 ,Yes
       542 ,Marketing   , 51 , 84978 ,             8 ,No
       543 ,Engineering , 41 , 79200 ,             3 ,No
       544 ,Sales       , 27 , 54705 ,             7 ,No
       545 ,Marketing   , 25 , 58800 ,             1 ,No
       546 ,Sales       , 53 ,102345 ,            14 ,No
       547 ,HR          , 58 ,117000 ,             4 ,No
       548 ,Sales       , 36 , 55776 ,            16 ,No
       549 ,Sales       , 26 , 61200 ,             6 ,No
       550 ,Finance     , 24 , 46392 ,             4 ,Yes
       551 ,Engineering , 59 , 68173 ,            13 ,No
       552 ,HR          , 32 , 64464 ,             8 ,No
       553 ,Marketing   , 56 , 76984 ,            13 ,No
       554 ,Engineering , 27 , 57324 ,             7 ,Yes
       555 ,Marketing   , 36 , 78888 ,             3 ,No
       556 ,Finance     , 60 , 84360 ,            11 ,Yes
       557 ,HR          , 50 , 80100 ,             8 ,No
       558 ,Marketing   , 49 , 63810 ,            19 ,No
       559 ,Sales       , 40 , 82680 ,             8 ,No
       560 ,Sales       , 39 , 55623 ,            13 ,No
       561 ,Engineering , 46 , 67904 ,            12 ,Yes
       562 ,Sales       , 41 , 69155 ,            12 ,No
       563 ,Sales       , 30 , 47670 ,             6 ,Yes
       564 ,Finance     , 57 , 88368 ,            14 ,Yes
       565 ,Sales       , 44 , 76948 ,             3 ,No
       566 ,HR          , 46 , 53552 ,            10 ,No
       567 ,Sales       , 57 ,111282 ,             8 ,No
       568 ,Engineering , 46 , 60958 ,             5 ,No
       569 ,HR          , 53 , 64397 ,             3 ,No
       570 ,HR          , 48 , 68688 ,            16 ,No
       571 ,HR          , 38 , 85708 ,             8 ,No
       572 ,Marketing   , 60 , 97860 ,             7 ,No
       573 ,Engineering , 41 , 50746 ,            13 ,No
       574 ,Finance     , 46 , 90858 ,            11 ,No
       575 ,Marketing   , 60 , 68340 ,            10 ,No
       576 ,Engineering , 52 , 72692 ,             6 ,No
       577 ,HR          , 40 , 80080 ,            16 ,No
       578 ,Engineering , 42 , 67170 ,             9 ,No
       579 ,Marketing   , 45 , 57720 ,            19 ,Yes
       580 ,Finance     , 33 , 69534 ,            13 ,Yes
       581 ,Marketing   , 35 , 63180 ,            10 ,No
       582 ,Sales       , 48 , 87072 ,            16 ,Yes
       583 ,HR          , 37 , 58046 ,             5 ,No
       584 ,Marketing   , 26 , 54934 ,             6 ,No
       585 ,Marketing   , 56 , 87008 ,            14 ,No
       586 ,HR          , 56 , 92048 ,             3 ,Yes
       587 ,Engineering , 44 , 59480 ,            20 ,Yes
       588 ,Marketing   , 43 , 93984 ,            14 ,Yes
       589 ,Sales       , 38 , 57626 ,            17 ,No
       590 ,Finance     , 59 ,101036 ,            19 ,Yes
       591 ,HR          , 47 , 75778 ,            19 ,No
       592 ,Engineering , 44 , 53100 ,            16 ,Yes
       593 ,Marketing   , 27 , 46686 ,             5 ,Yes
       594 ,HR          , 51 , 96453 ,             7 ,No
       595 ,HR          , 52 , 61148 ,            15 ,No
       596 ,Marketing   , 42 , 53856 ,            10 ,Yes
       597 ,Sales       , 23 , 61487 ,             3 ,No
       598 ,Engineering , 37 , 68036 ,             6 ,No
       599 ,HR          , 57 , 83352 ,            15 ,Yes
       600 ,Marketing   , 33 , 52770 ,            13 ,No
       601 ,Finance     , 34 , 62640 ,            14 ,No
       602 ,Sales       , 35 , 54850 ,             9 ,No
       603 ,Sales       , 58 , 65032 ,            18 ,Yes
       604 ,HR          , 34 , 62912 ,             4 ,No
       605 ,Marketing   , 55 ,111895 ,            11 ,No
       606 ,Finance     , 47 , 81747 ,             4 ,No
       607 ,Marketing   , 33 , 73989 ,            10 ,No
       608 ,Finance     , 27 , 62076 ,             5 ,No
       609 ,Engineering , 41 , 55379 ,             6 ,No
       610 ,Engineering , 54 , 78438 ,            14 ,No
       611 ,Finance     , 46 , 72918 ,             6 ,No
       612 ,Finance     , 33 , 65244 ,             6 ,No
       613 ,Engineering , 33 , 57126 ,            13 ,No
       614 ,HR          , 22 , 51912 ,             2 ,No
       615 ,Marketing   , 57 , 87969 ,            16 ,No
       616 ,Marketing   , 48 , 88896 ,            15 ,No
       617 ,Sales       , 58 , 60798 ,             8 ,No
       618 ,HR          , 36 , 67800 ,            10 ,Yes
       619 ,Marketing   , 58 ,103080 ,            16 ,No
       620 ,Sales       , 58 , 65728 ,             9 ,No
       621 ,HR          , 56 ,105152 ,             2 ,No
       622 ,Marketing   , 56 , 70488 ,            14 ,Yes
       623 ,Engineering , 41 , 87195 ,             2 ,No
       624 ,HR          , 27 , 55623 ,             4 ,No
       625 ,Engineering , 35 , 76550 ,            15 ,No
       626 ,Finance     , 49 , 62781 ,            20 ,Yes
       627 ,Engineering , 35 , 76340 ,             2 ,No
       628 ,Finance     , 39 , 73329 ,            18 ,Yes
       629 ,HR          , 40 , 73440 ,             9 ,No
       630 ,Finance     , 28 , 47864 ,             8 ,No
       631 ,HR          , 30 , 66540 ,             5 ,No
       632 ,HR          , 37 , 77323 ,            13 ,No
       633 ,Finance     , 39 , 74538 ,            14 ,No
       634 ,Sales       , 27 , 54624 ,             7 ,No
       635 ,HR          , 51 ,105123 ,            16 ,No
       636 ,Sales       , 27 , 63696 ,             7 ,No
       637 ,HR          , 26 , 64164 ,             6 ,No
       638 ,Marketing   , 35 , 65210 ,             9 ,No
       639 ,HR          , 43 , 75580 ,            19 ,Yes
       640 ,Marketing   , 43 , 90845 ,             2 ,Yes
       641 ,Marketing   , 23 , 44421 ,             3 ,No
       642 ,Sales       , 49 , 64643 ,             5 ,No
       643 ,HR          , 32 , 74640 ,             9 ,Yes
       644 ,HR          , 38 , 52192 ,            12 ,No
       645 ,Engineering , 25 , 52625 ,             5 ,No
       646 ,Engineering , 49 , 87379 ,             3 ,No
       647 ,Sales       , 35 , 64580 ,             3 ,Yes
       648 ,Engineering , 55 , 95780 ,            15 ,Yes
       649 ,HR          , 29 , 70020 ,             9 ,No
       650 ,Marketing   , 26 , 49084 ,             6 ,Yes
       651 ,Sales       , 28 , 52960 ,             8 ,No
       652 ,Engineering , 46 , 89432 ,             5 ,No
       653 ,Engineering , 26 , 57118 ,             6 ,Yes
       654 ,Engineering , 50 , 72950 ,             7 ,No
       655 ,Engineering , 48 , 84240 ,            15 ,No
       656 ,Sales       , 28 , 48004 ,             4 ,No
       657 ,Marketing   , 44 , 95384 ,            14 ,No
       658 ,Engineering , 37 , 58971 ,             3 ,No
       659 ,Finance     , 60 ,104280 ,            20 ,No
       660 ,Sales       , 41 , 59110 ,            17 ,No
       661 ,Engineering , 47 , 67694 ,             2 ,No
       662 ,Engineering , 53 , 77435 ,             4 ,No
       663 ,Finance     , 26 , 57040 ,             1 ,No
       664 ,HR          , 30 , 56880 ,            10 ,No
       665 ,Finance     , 33 , 72273 ,            13 ,No
       666 ,Sales       , 23 , 55323 ,             3 ,Yes
       667 ,Engineering , 24 , 64656 ,             2 ,No
       668 ,Marketing   , 54 , 72822 ,            17 ,No
       669 ,Marketing   , 47 , 57448 ,            18 ,No
       670 ,Engineering , 39 , 52815 ,            10 ,Yes
       671 ,Engineering , 31 , 62519 ,            11 ,No
       672 ,Sales       , 41 , 79815 ,            14 ,No
       673 ,Engineering , 25 , 48750 ,             3 ,No
       674 ,Sales       , 51 , 87426 ,            20 ,Yes
       675 ,Engineering , 29 , 44848 ,             5 ,No
       676 ,Engineering , 53 ,108175 ,            12 ,No
       677 ,HR          , 32 , 58160 ,             5 ,No
       678 ,HR          , 29 , 67381 ,             1 ,No
       679 ,Marketing   , 39 , 70404 ,             3 ,No
       680 ,Finance     , 26 , 56208 ,             6 ,No
       681 ,Sales       , 53 ,103087 ,            19 ,Yes
       682 ,Engineering , 38 , 79058 ,             4 ,No
       683 ,Sales       , 36 , 75288 ,            16 ,Yes
       684 ,Sales       , 37 , 50239 ,            16 ,No
       685 ,Engineering , 33 , 77949 ,             2 ,No
       686 ,Marketing   , 36 , 59844 ,             8 ,No
       687 ,HR          , 39 , 82455 ,             3 ,No
       688 ,Sales       , 54 , 94206 ,             2 ,No
       689 ,Finance     , 24 , 65424 ,             4 ,Yes
       690 ,Marketing   , 40 , 81680 ,            10 ,No
       691 ,Finance     , 51 , 55908 ,            12 ,Yes
       692 ,Finance     , 41 , 81537 ,            20 ,Yes
       693 ,HR          , 59 ,118205 ,            16 ,No
       694 ,Engineering , 56 ,101568 ,             8 ,Yes
       695 ,Marketing   , 23 , 46974 ,             3 ,Yes
       696 ,Sales       , 43 , 51543 ,            13 ,No
       697 ,HR          , 28 , 49880 ,             8 ,No
       698 ,Marketing   , 53 ,108652 ,             2 ,No
       699 ,Engineering , 39 , 53205 ,             2 ,No
       700 ,Finance     , 48 , 88416 ,            12 ,No
       701 ,Sales       , 59 , 65223 ,            17 ,Yes
       702 ,Marketing   , 26 , 58756 ,             6 ,Yes
       703 ,Engineering , 37 , 59526 ,             9 ,No
       704 ,Marketing   , 42 , 64650 ,            15 ,No
       705 ,Sales       , 34 , 51726 ,            14 ,Yes
       706 ,Sales       , 32 , 60720 ,            12 ,No
       707 ,Sales       , 56 , 78496 ,             7 ,No
       708 ,Marketing   , 38 , 82136 ,             4 ,Yes
       709 ,HR          , 60 , 62460 ,             7 ,No
       710 ,HR          , 31 , 48383 ,             8 ,No
       711 ,Marketing   , 54 , 59700 ,            10 ,No
       712 ,Engineering , 23 , 63902 ,             3 ,No
       713 ,Finance     , 57 , 73035 ,             4 ,No
       714 ,Engineering , 29 , 44848 ,             2 ,No
       715 ,Engineering , 30 , 51060 ,            10 ,No
       716 ,Sales       , 59 , 94900 ,             9 ,No
       717 ,Sales       , 23 , 43018 ,             3 ,No
       718 ,Marketing   , 30 , 47820 ,            10 ,Yes
       719 ,Marketing   , 25 , 46800 ,             5 ,No
       720 ,Marketing   , 53 , 58090 ,            13 ,No
       721 ,Engineering , 44 , 61636 ,             6 ,No
       722 ,Marketing   , 31 , 46585 ,            11 ,No
       723 ,Engineering , 40 , 70400 ,            14 ,No
       724 ,Marketing   , 25 , 44725 ,             5 ,No
       725 ,Marketing   , 34 , 69372 ,            14 ,Yes
       726 ,Finance     , 23 , 50493 ,             3 ,No
       727 ,Marketing   , 44 , 93096 ,            19 ,No
       728 ,Marketing   , 39 , 56676 ,             1 ,No
       729 ,Engineering , 23 , 62591 ,             3 ,Yes
       730 ,Marketing   , 55 , 77630 ,            19 ,No
       731 ,Engineering , 28 , 51084 ,             8 ,No
       732 ,Sales       , 36 , 69204 ,            13 ,No
       733 ,Engineering , 33 , 54486 ,            13 ,No
       734 ,HR          , 59 , 61152 ,            12 ,No
       735 ,Finance     , 31 , 63356 ,             7 ,No
       736 ,Marketing   , 56 , 75696 ,             6 ,No
       737 ,Sales       , 25 , 48450 ,             5 ,Yes
       738 ,Finance     , 52 , 56000 ,            11 ,No
       739 ,Engineering , 30 , 55440 ,             6 ,No
       740 ,HR          , 25 , 43050 ,             5 ,No
       741 ,Engineering , 29 , 69614 ,             9 ,No
       742 ,Sales       , 45 , 84945 ,            13 ,No
       743 ,HR          , 41 , 64030 ,             5 ,No
       744 ,Marketing   , 53 , 91692 ,            11 ,Yes
       745 ,Finance     , 44 , 62032 ,            19 ,No
       746 ,Marketing   , 41 , 81291 ,            10 ,Yes
       747 ,Sales       , 58 , 82200 ,            19 ,Yes
       748 ,Finance     , 42 , 90606 ,            20 ,Yes
       749 ,Finance     , 28 , 70852 ,             8 ,Yes
       750 ,Sales       , 37 , 61635 ,            11 ,Yes
       751 ,Sales       , 43 , 71151 ,             1 ,No
       752 ,Engineering , 26 , 52308 ,             6 ,No
       753 ,Sales       , 25 , 52375 ,             5 ,No
       754 ,Engineering , 48 , 78192 ,            13 ,No
       755 ,Marketing   , 28 , 67744 ,             8 ,No
       756 ,Finance     , 36 , 53976 ,            15 ,Yes
       757 ,Sales       , 40 , 50800 ,            11 ,No
       758 ,Sales       , 26 , 52100 ,             6 ,No
       759 ,Engineering , 26 , 57560 ,             3 ,No
       760 ,Finance     , 52 , 93492 ,             1 ,No
       761 ,Engineering , 60 ,114660 ,            14 ,Yes
       762 ,Sales       , 43 , 60530 ,             7 ,No
       763 ,Finance     , 56 , 73176 ,            10 ,No
       764 ,Sales       , 25 , 52550 ,             5 ,No
       765 ,Marketing   , 31 , 47205 ,            11 ,Yes
       766 ,Sales       , 40 , 83720 ,            20 ,No
       767 ,Sales       , 23 , 46353 ,             3 ,No
       768 ,Sales       , 52 ,100928 ,             4 ,No
       769 ,Marketing   , 52 , 82000 ,             9 ,Yes
       770 ,Finance     , 46 , 61694 ,            12 ,No
       771 ,HR          , 33 , 61548 ,             2 ,No
       772 ,Marketing   , 38 , 57778 ,             9 ,No
       773 ,Engineering , 28 , 46436 ,             8 ,No
       774 ,Marketing   , 59 , 73188 ,            18 ,Yes
       775 ,Marketing   , 55 , 81040 ,            18 ,No
       776 ,Marketing   , 58 ,111316 ,             8 ,No
       777 ,Sales       , 47 , 96928 ,             2 ,No
       778 ,Finance     , 58 , 99194 ,            20 ,Yes
       779 ,Marketing   , 33 , 78543 ,             6 ,No
       780 ,Engineering , 30 , 46290 ,            10 ,Yes
       781 ,Marketing   , 34 , 75628 ,             5 ,No
       782 ,HR          , 42 , 90144 ,             3 ,Yes
       783 ,Finance     , 47 , 80055 ,            11 ,No
       784 ,Finance     , 51 ,103389 ,             1 ,No
       785 ,Finance     , 59 , 91065 ,            14 ,Yes
       786 ,Engineering , 31 , 63480 ,            11 ,No
       787 ,Sales       , 28 , 60128 ,             4 ,No
       788 ,Finance     , 44 , 91512 ,            14 ,No
       789 ,Marketing   , 58 , 95134 ,            16 ,Yes
       790 ,HR          , 47 , 60409 ,            20 ,No
       791 ,Marketing   , 24 , 51720 ,             4 ,No
       792 ,Sales       , 52 ,104984 ,             9 ,No
       793 ,Sales       , 43 , 87491 ,            10 ,No
       794 ,Marketing   , 28 , 71860 ,             8 ,Yes
       795 ,Marketing   , 42 , 62550 ,            14 ,No
       796 ,Sales       , 34 , 62368 ,             7 ,No
       797 ,Marketing   , 53 , 97681 ,            17 ,No
       798 ,Sales       , 54 ,100740 ,             6 ,Yes
       799 ,Finance     , 47 , 59986 ,            17 ,No
       800 ,Sales       , 33 , 53001 ,             7 ,No
       801 ,Engineering , 24 , 53208 ,             2 ,No
       802 ,Engineering , 39 , 64203 ,            15 ,No
       803 ,Sales       , 23 , 47181 ,             3 ,No
       804 ,Marketing   , 33 , 78939 ,            13 ,No
       805 ,HR          , 44 , 59348 ,             9 ,No
       806 ,Sales       , 40 , 51120 ,            13 ,Yes
       807 ,Finance     , 35 , 78195 ,             8 ,No
       808 ,Engineering , 39 , 75513 ,            14 ,No
       809 ,Sales       , 52 ,104516 ,             5 ,No
       810 ,Finance     , 22 , 46038 ,             2 ,No
       811 ,HR          , 39 , 66387 ,            13 ,No
       812 ,Marketing   , 38 , 57474 ,            15 ,No
       813 ,Finance     , 47 , 81606 ,             4 ,Yes
       814 ,HR          , 57 , 96234 ,            20 ,No
       815 ,HR          , 28 , 57804 ,             3 ,No
       816 ,HR          , 42 , 88044 ,             9 ,No
       817 ,HR          , 34 , 52202 ,            14 ,No
       818 ,Sales       , 60 , 84780 ,            11 ,No
       819 ,Sales       , 53 , 72506 ,             9 ,No
       820 ,Marketing   , 46 , 87684 ,             2 ,No
       821 ,Finance     , 34 , 58934 ,             8 ,No
       822 ,Marketing   , 44 , 74836 ,            10 ,No
       823 ,Finance     , 33 , 56400 ,             4 ,No
       824 ,HR          , 57 ,103017 ,             6 ,No
       825 ,HR          , 27 , 49629 ,             7 ,Yes
       826 ,HR          , 48 , 92736 ,            11 ,No
       827 ,Finance     , 40 , 68960 ,             4 ,No
       828 ,Finance     , 59 ,116494 ,            20 ,Yes
       829 ,Engineering , 54 , 63588 ,            13 ,No
       830 ,Marketing   , 25 , 64775 ,             5 ,Yes
       831 ,Engineering , 43 , 69517 ,            19 ,No
       832 ,Marketing   , 31 , 55513 ,             6 ,No
       833 ,Marketing   , 43 , 79278 ,             6 ,No
       834 ,Sales       , 22 , 51164 ,             2 ,No
       835 ,Engineering , 58 ,104356 ,             6 ,No
       836 ,Sales       , 30 , 63870 ,            10 ,No
       837 ,Marketing   , 49 ,102912 ,            16 ,No
       838 ,Sales       , 56 , 69424 ,            12 ,No
       839 ,HR          , 55 , 68225 ,             1 ,No
       840 ,Engineering , 36 , 73560 ,            12 ,No
       841 ,Sales       , 46 , 76690 ,            19 ,No
       842 ,Sales       , 24 , 49320 ,             4 ,No
       843 ,Finance     , 60 , 92160 ,            11 ,No
       844 ,Engineering , 43 , 91189 ,            16 ,No
       845 ,Engineering , 32 , 77040 ,            12 ,Yes
       846 ,Engineering , 30 , 51480 ,             1 ,No
       847 ,Engineering , 29 , 55375 ,             2 ,No
       848 ,HR          , 56 , 93728 ,             2 ,No
       849 ,Sales       , 28 , 62732 ,             1 ,Yes
       850 ,Sales       , 48 , 75792 ,            13 ,Yes
       851 ,HR          , 52 , 93336 ,             5 ,No
       852 ,Sales       , 41 , 68130 ,             4 ,No
       853 ,HR          , 60 ,103020 ,             5 ,No
       854 ,Sales       , 54 , 96744 ,            20 ,Yes
       855 ,Sales       , 28 , 58252 ,             7 ,No
       856 ,HR          , 55 ,112280 ,             7 ,No
       857 ,Marketing   , 40 , 56560 ,             2 ,No
       858 ,Engineering , 52 , 73576 ,             8 ,Yes
       859 ,Sales       , 29 , 69295 ,             9 ,No
       860 ,Engineering , 27 , 65046 ,             7 ,Yes
       861 ,Sales       , 38 , 74042 ,             8 ,No
       862 ,HR          , 38 , 67050 ,             2 ,Yes
       863 ,Engineering , 24 , 62928 ,             4 ,No
       864 ,HR          , 49 , 91544 ,             4 ,Yes
       865 ,Sales       , 22 , 60184 ,             2 ,No
       866 ,Engineering , 43 , 67238 ,            15 ,No
       867 ,HR          , 27 , 53787 ,             7 ,Yes
       868 ,Marketing   , 47 , 99795 ,            15 ,No
       869 ,Marketing   , 52 , 98588 ,            14 ,No
       870 ,Engineering , 29 , 48415 ,             2 ,No
       871 ,Engineering , 28 , 55928 ,             8 ,No
       872 ,Finance     , 50 , 64250 ,            20 ,No
       873 ,HR          , 23 , 61809 ,             3 ,No
       874 ,Marketing   , 29 , 70832 ,             9 ,No
       875 ,Sales       , 38 , 74460 ,            11 ,Yes
       876 ,Finance     , 58 ,101978 ,            19 ,Yes
       877 ,HR          , 55 , 86925 ,            20 ,Yes
       878 ,Engineering , 52 , 74408 ,            13 ,Yes
       879 ,Finance     , 25 , 42775 ,             5 ,No
       880 ,Marketing   , 53 ,103670 ,             6 ,Yes
       881 ,Marketing   , 42 , 61332 ,            11 ,No
       882 ,Sales       , 54 , 69312 ,            18 ,No
       883 ,Marketing   , 37 , 51460 ,            15 ,No
       884 ,Finance     , 50 , 59500 ,            16 ,No
       885 ,Sales       , 53 , 96939 ,             1 ,Yes
       886 ,Marketing   , 24 , 55680 ,             4 ,Yes
       887 ,Sales       , 60 ,119160 ,            20 ,No
       888 ,Finance     , 57 , 70527 ,            15 ,No
       889 ,HR          , 25 , 63400 ,             5 ,No
       890 ,HR          , 57 ,103245 ,            20 ,No
       891 ,HR          , 50 , 60800 ,             4 ,No
       892 ,Engineering , 22 , 48678 ,             2 ,No
       893 ,HR          , 57 , 88938 ,            12 ,No
       894 ,Sales       , 32 , 62128 ,             5 ,No
       895 ,Marketing   , 28 , 51280 ,             8 ,Yes
       896 ,Sales       , 47 , 63840 ,            15 ,No
       897 ,Engineering , 43 , 56230 ,            14 ,Yes
       898 ,Finance     , 29 , 67410 ,             9 ,No
       899 ,Finance     , 54 , 64398 ,            16 ,Yes
       900 ,Sales       , 57 ,113049 ,            14 ,No
       901 ,Marketing   , 54 ,100146 ,             6 ,No
       902 ,Engineering , 30 , 48180 ,            10 ,No
       903 ,Finance     , 42 , 72672 ,            13 ,No
       904 ,Finance     , 37 , 58860 ,            13 ,No
       905 ,HR          , 50 , 96200 ,             5 ,Yes
       906 ,Finance     , 54 , 73524 ,            18 ,No
       907 ,Finance     , 35 , 54675 ,             7 ,No
       908 ,HR          , 44 , 93492 ,             5 ,No
       909 ,Engineering , 54 , 86970 ,            11 ,No
       910 ,HR          , 57 , 86487 ,            19 ,No
       911 ,Marketing   , 56 , 74352 ,            14 ,No
       912 ,Finance     , 28 , 44700 ,             8 ,Yes
       913 ,Sales       , 34 , 56282 ,             6 ,No
       914 ,HR          , 31 , 72129 ,             2 ,No
       915 ,HR          , 35 , 74485 ,            15 ,Yes
       916 ,Marketing   , 28 , 61640 ,             8 ,No
       917 ,Finance     , 46 , 64178 ,            17 ,No
       918 ,HR          , 25 , 66200 ,             5 ,No
       919 ,HR          , 57 , 61635 ,             1 ,No
       920 ,Engineering , 50 , 97450 ,             8 ,No
       921 ,HR          , 59 , 92481 ,            20 ,Yes
       922 ,Engineering , 40 , 68360 ,             6 ,No
       923 ,Sales       , 33 , 79005 ,             6 ,No
       924 ,Sales       , 46 , 54886 ,            14 ,No
       925 ,HR          , 30 , 49920 ,            10 ,No
       926 ,Sales       , 43 , 72011 ,             5 ,Yes
       927 ,HR          , 60 , 63120 ,            20 ,No
       928 ,HR          , 53 , 99324 ,            19 ,No
       929 ,Sales       , 42 , 73596 ,             8 ,No
       930 ,Finance     , 26 , 63930 ,             6 ,Yes
       931 ,Finance     , 56 , 81128 ,             3 ,No
       932 ,Engineering , 43 , 66077 ,            12 ,No
       933 ,Finance     , 55 , 84230 ,            18 ,No
       934 ,Sales       , 29 , 64336 ,             9 ,No
       935 ,Finance     , 37 , 84797 ,             2 ,No
       936 ,HR          , 46 , 96102 ,             4 ,No
       937 ,Finance     , 40 , 51000 ,            17 ,No
       938 ,HR          , 54 ,101388 ,            17 ,No
       939 ,Sales       , 40 , 86760 ,             7 ,No
       940 ,Sales       , 28 , 48788 ,             8 ,No
       941 ,Sales       , 35 , 71510 ,             7 ,No
       942 ,Marketing   , 28 , 49880 ,             8 ,No
       943 ,Marketing   , 26 , 62864 ,             5 ,Yes
       944 ,HR          , 24 , 44136 ,             3 ,Yes
       945 ,HR          , 57 , 62604 ,            19 ,No
       946 ,HR          , 48 , 73056 ,            15 ,No
       947 ,Marketing   , 42 , 51714 ,            13 ,No
       948 ,Finance     , 22 , 55432 ,             2 ,Yes
       949 ,Finance     , 24 , 59208 ,             3 ,No
       950 ,Finance     , 28 , 52288 ,             8 ,No
       951 ,HR          , 50 , 74500 ,            13 ,No
       952 ,Sales       , 52 , 64320 ,            18 ,Yes
       953 ,Marketing   , 56 , 74912 ,             5 ,No
       954 ,HR          , 22 , 53452 ,             2 ,Yes
       955 ,Sales       , 22 , 53892 ,             2 ,No
       956 ,Finance     , 27 , 51924 ,             7 ,No
       957 ,HR          , 35 , 62270 ,            15 ,Yes
       958 ,Engineering , 36 , 70716 ,             9 ,Yes
       959 ,Engineering , 58 ,109576 ,             2 ,No
       960 ,Finance     , 51 , 89160 ,            18 ,Yes
       961 ,Sales       , 38 , 52800 ,             7 ,No
       962 ,Marketing   , 43 , 67195 ,             5 ,No
       963 ,Engineering , 28 , 52148 ,             8 ,Yes
       964 ,Engineering , 42 , 71874 ,            15 ,No
       965 ,HR          , 59 , 68704 ,            19 ,No
       966 ,HR          , 49 , 62928 ,             1 ,No
       967 ,Engineering , 49 , 68367 ,            12 ,Yes
       968 ,HR          , 52 , 80596 ,            15 ,No
       969 ,HR          , 53 , 86392 ,             4 ,No
       970 ,Finance     , 27 , 66747 ,             7 ,No
       971 ,Engineering , 56 , 69256 ,             9 ,No
       972 ,Sales       , 26 , 66738 ,             1 ,No
       973 ,Sales       , 59 , 94428 ,            13 ,No
       974 ,Engineering , 24 , 55536 ,             4 ,No
       975 ,Finance     , 52 , 90788 ,             5 ,No
       976 ,Engineering , 59 ,103750 ,            10 ,Yes
       977 ,Finance     , 54 , 61968 ,            13 ,No
       978 ,Sales       , 37 , 80616 ,            17 ,No
       979 ,Finance     , 30 , 58680 ,             6 ,Yes
       980 ,Finance     , 31 , 68843 ,            11 ,No
       981 ,Sales       , 36 , 76044 ,            16 ,Yes
       982 ,HR          , 45 , 63255 ,             2 ,No
       983 ,Finance     , 45 , 70365 ,            16 ,No
       984 ,Sales       , 24 , 57936 ,             4 ,Yes
       985 ,Finance     , 39 , 82806 ,             9 ,No
       986 ,Finance     , 33 , 59205 ,            13 ,No
       987 ,Sales       , 55 , 71635 ,            13 ,No
       988 ,Engineering , 55 , 80325 ,            12 ,No
       989 ,HR          , 53 , 99483 ,            16 ,No
       990 ,Sales       , 54 ,105762 ,             5 ,No
       991 ,Engineering , 26 , 56676 ,             6 ,Yes
       992 ,Engineering , 32 , 57840 ,            12 ,No
       993 ,Sales       , 36 , 63264 ,            11 ,No
       994 ,Marketing   , 52 , 81480 ,             7 ,No
       995 ,Marketing   , 23 , 47227 ,             2 ,Yes
       996 ,Finance     , 32 , 50384 ,            12 ,Yes
       997 ,Finance     , 31 , 47267 ,             6 ,Yes
       998 ,Engineering , 55 ,111455 ,            13 ,No
       999 ,Finance     , 23 , 62177 ,             3 ,No
      1000 ,Engineering , 50 , 86050 ,            16 ,No
